{
	"_id":"5bfd2e0f238e971e765a1073",
	"project_id":"5bfd2e0e238e971e765a1066",
	"href":"https://10.134.37.56:8443/tx-server/rest/v1/tx/projects/5be9775f238e9720f3941254/connections/5be9777f238e9720f394125e",
	"name":"File1",
	"description":"New File connection",
	"tags":[ "Tags" ],
	"created_by":"tester1",
	"creation_date":"2018-11-27T11:44:15.256+0000",
	"updated_by":"satyajit.n",
	"update_date":"2018-11-13T05:19:24.634+0000",
	"version":1,
	"connection_type":"FILE",
	"contexts":[ "source", "target" ]
}