{
	"_id":"5bfd2e0f238e971e765a106a",
	"project_id":"5bfd2e0e238e971e765a1066",
	"name":"doc_ch_b5121120180620",
	"path":"Human",
	"description":"Schema with address details",
	"tags":[ "" ],
	"created_by":"tester1",
	"creation_date":"2018-11-27T11:44:15.115+0000",
	"version":1,
	"model_version":1,
	"type":"xsd",
	"dictionary":{
		"name":"XSD",
		"class":"category",
		"id":0,
		"subtypes":[ {
			"name":"XSD",
			"class":"group_sequence",
			"id":1,
			"subtypes":[ {
				"name":"misc",
				"class":"group_sequence",
				"id":2,
				"subtypes":[ {
					"name":"pcdata",
					"class":"item",
					"id":3,
					"id_path":[ 0, 1, 2, 3 ]
				} ],
				"has_children":true,
				"id_path":[ 0, 1, 2 ]
			}, {
				"name":"prolog",
				"class":"group_sequence",
				"id":4,
				"subtypes":[ {
					"name":"version",
					"class":"item",
					"id":5,
					"id_path":[ 0, 1, 4, 5 ]
				}, {
					"name":"encoding",
					"class":"item",
					"id":6,
					"id_path":[ 0, 1, 4, 6 ]
				}, {
					"name":"standalone",
					"class":"item",
					"id":7,
					"id_path":[ 0, 1, 4, 7 ]
				} ],
				"has_children":true,
				"id_path":[ 0, 1, 4 ]
			}, {
				"name":"global",
				"class":"group_choice",
				"id":8,
				"subtypes":[ {
					"name":"a",
					"class":"group_sequence",
					"id":9,
					"subtypes":[ {
						"name":"speaker",
						"class":"item",
						"id":10,
						"id_path":[ 0, 1, 8, 9, 10 ]
					} ],
					"has_children":true,
					"id_path":[ 0, 1, 8, 9 ]
				}, {
					"name":"name",
					"class":"item",
					"id":11,
					"id_path":[ 0, 1, 8, 11 ]
				}, {
					"name":"qa",
					"class":"group_sequence",
					"id":12,
					"subtypes":[ {
						"name":"sequence",
						"class":"group_sequence",
						"id":13,
						"subtypes":[ {
							"name":"問",
							"class":"group_sequence",
							"id":14,
							"subtypes":[ {
								"name":"speaker",
								"class":"item",
								"id":15,
								"id_path":[ 0, 1, 8, 12, 13, 14, 15 ]
							} ],
							"has_children":true,
							"id_path":[ 0, 1, 8, 12, 13, 14 ]
						}, {
							"name":"choice",
							"class":"group_choice",
							"id":16,
							"subtypes":[ {
								"name":"a",
								"class":"group_sequence",
								"id":17,
								"subtypes":[ {
									"name":"speaker",
									"class":"item",
									"id":18,
									"id_path":[ 0, 1, 8, 12, 13, 16, 17, 18 ]
								} ],
								"has_children":true,
								"id_path":[ 0, 1, 8, 12, 13, 16, 17 ]
							}, {
								"name":"答",
								"class":"group_sequence",
								"id":19,
								"subtypes":[ {
									"name":"speaker",
									"class":"item",
									"id":20,
									"id_path":[ 0, 1, 8, 12, 13, 16, 19, 20 ]
								}, {
									"name":"choice",
									"class":"group_choice",
									"id":21,
									"subtypes":[ {
										"name":"name",
										"class":"item",
										"id":22,
										"id_path":[ 0, 1, 8, 12, 13, 16, 19, 21, 22 ]
									}, {
										"name":"title",
										"class":"item",
										"id":23,
										"id_path":[ 0, 1, 8, 12, 13, 16, 19, 21, 23 ]
									} ],
									"has_children":true,
									"id_path":[ 0, 1, 8, 12, 13, 16, 19, 21 ]
								} ],
								"has_children":true,
								"id_path":[ 0, 1, 8, 12, 13, 16, 19 ]
							} ],
							"has_children":true,
							"id_path":[ 0, 1, 8, 12, 13, 16 ]
						} ],
						"has_children":true,
						"id_path":[ 0, 1, 8, 12, 13 ]
					} ],
					"has_children":true,
					"id_path":[ 0, 1, 8, 12 ]
				}, {
					"name":"qafragment",
					"class":"group_sequence",
					"id":24,
					"subtypes":[ {
						"name":"sequence",
						"class":"group_sequence",
						"id":25,
						"subtypes":[ {
							"name":"qa",
							"class":"group_sequence",
							"id":26,
							"subtypes":[ {
								"name":"sequence",
								"class":"group_sequence",
								"id":27,
								"subtypes":[ {
									"name":"問",
									"class":"group_sequence",
									"id":28,
									"subtypes":[ {
										"name":"speaker",
										"class":"item",
										"id":29,
										"id_path":[ 0, 1, 8, 24, 25, 26, 27, 28, 29 ]
									} ],
									"has_children":true,
									"id_path":[ 0, 1, 8, 24, 25, 26, 27, 28 ]
								}, {
									"name":"choice",
									"class":"group_choice",
									"id":30,
									"subtypes":[ {
										"name":"a",
										"class":"group_sequence",
										"id":31,
										"subtypes":[ {
											"name":"speaker",
											"class":"item",
											"id":32,
											"id_path":[ 0, 1, 8, 24, 25, 26, 27, 30, 31, 32 ]
										} ],
										"has_children":true,
										"id_path":[ 0, 1, 8, 24, 25, 26, 27, 30, 31 ]
									}, {
										"name":"答",
										"class":"group_sequence",
										"id":33,
										"subtypes":[ {
											"name":"speaker",
											"class":"item",
											"id":34,
											"id_path":[ 0, 1, 8, 24, 25, 26, 27, 30, 33, 34 ]
										}, {
											"name":"choice",
											"class":"group_choice",
											"id":35,
											"subtypes":[ {
												"name":"name",
												"class":"item",
												"id":36,
												"id_path":[ 0, 1, 8, 24, 25, 26, 27, 30, 33, 35, 36 ]
											}, {
												"name":"title",
												"class":"item",
												"id":37,
												"id_path":[ 0, 1, 8, 24, 25, 26, 27, 30, 33, 35, 37 ]
											} ],
											"has_children":true,
											"id_path":[ 0, 1, 8, 24, 25, 26, 27, 30, 33, 35 ]
										} ],
										"has_children":true,
										"id_path":[ 0, 1, 8, 24, 25, 26, 27, 30, 33 ]
									} ],
									"has_children":true,
									"id_path":[ 0, 1, 8, 24, 25, 26, 27, 30 ]
								} ],
								"has_children":true,
								"id_path":[ 0, 1, 8, 24, 25, 26, 27 ]
							} ],
							"has_children":true,
							"id_path":[ 0, 1, 8, 24, 25, 26 ]
						} ],
						"has_children":true,
						"id_path":[ 0, 1, 8, 24, 25 ]
					} ],
					"has_children":true,
					"id_path":[ 0, 1, 8, 24 ]
				}, {
					"name":"title",
					"class":"item",
					"id":38,
					"id_path":[ 0, 1, 8, 38 ]
				}, {
					"name":"問",
					"class":"group_sequence",
					"id":39,
					"subtypes":[ {
						"name":"speaker",
						"class":"item",
						"id":40,
						"id_path":[ 0, 1, 8, 39, 40 ]
					} ],
					"has_children":true,
					"id_path":[ 0, 1, 8, 39 ]
				}, {
					"name":"答",
					"class":"group_sequence",
					"id":41,
					"subtypes":[ {
						"name":"speaker",
						"class":"item",
						"id":42,
						"id_path":[ 0, 1, 8, 41, 42 ]
					}, {
						"name":"choice",
						"class":"group_choice",
						"id":43,
						"subtypes":[ {
							"name":"name",
							"class":"item",
							"id":44,
							"id_path":[ 0, 1, 8, 41, 43, 44 ]
						}, {
							"name":"title",
							"class":"item",
							"id":45,
							"id_path":[ 0, 1, 8, 41, 43, 45 ]
						} ],
						"has_children":true,
						"id_path":[ 0, 1, 8, 41, 43 ]
					} ],
					"has_children":true,
					"id_path":[ 0, 1, 8, 41 ]
				} ],
				"has_children":true,
				"id_path":[ 0, 1, 8 ]
			} ],
			"has_children":true,
			"id_path":[ 0, 1 ]
		} ],
		"has_children":true,
		"id_path":[ 0 ]
	},
	"structures":[ {
		"components":[ {
			"max_range":1,
			"min_range":0,
			"type_path":"3",
			"type_id":3,
			"relative_path":"pcdata"
		} ],
		"id":2
	}, {
		"components":[ {
			"max_range":1,
			"min_range":1,
			"type_path":"5",
			"type_id":5,
			"relative_path":"version"
		}, {
			"max_range":1,
			"min_range":0,
			"type_path":"6",
			"type_id":6,
			"relative_path":"encoding"
		}, {
			"max_range":1,
			"min_range":0,
			"type_path":"7",
			"type_id":7,
			"relative_path":"standalone"
		} ],
		"id":4
	}, {
		"components":[ {
			"max_range":1,
			"min_range":1,
			"type_path":"10",
			"type_id":10,
			"relative_path":"speaker"
		} ],
		"id":9
	}, {
		"components":[ {
			"max_range":1,
			"min_range":1,
			"type_path":"15",
			"type_id":15,
			"relative_path":"speaker"
		} ],
		"id":14
	}, {
		"components":[ {
			"max_range":1,
			"min_range":1,
			"type_path":"18",
			"type_id":18,
			"relative_path":"speaker"
		} ],
		"id":17
	}, {
		"components":[ {
			"max_range":1,
			"min_range":1,
			"type_path":"22",
			"type_id":22,
			"relative_path":"name"
		}, {
			"max_range":1,
			"min_range":1,
			"type_path":"23",
			"type_id":23,
			"relative_path":"title"
		} ],
		"id":21
	}, {
		"components":[ {
			"max_range":1,
			"min_range":1,
			"type_path":"20",
			"type_id":20,
			"relative_path":"speaker"
		}, {
			"max_range":0,
			"min_range":0,
			"type_path":"21",
			"type_id":21,
			"relative_path":"choice"
		} ],
		"id":19
	}, {
		"components":[ {
			"max_range":1,
			"min_range":1,
			"type_path":"17",
			"type_id":17,
			"relative_path":"a"
		}, {
			"max_range":1,
			"min_range":1,
			"type_path":"19",
			"type_id":19,
			"relative_path":"答"
		} ],
		"id":16
	}, {
		"components":[ {
			"max_range":1,
			"min_range":1,
			"type_path":"14",
			"type_id":14,
			"relative_path":"問"
		}, {
			"max_range":1,
			"min_range":1,
			"type_path":"16",
			"type_id":16,
			"relative_path":"choice"
		} ],
		"id":13
	}, {
		"components":[ {
			"max_range":1,
			"min_range":1,
			"type_path":"13",
			"type_id":13,
			"relative_path":"sequence"
		} ],
		"id":12
	}, {
		"components":[ {
			"max_range":1,
			"min_range":1,
			"type_path":"29",
			"type_id":29,
			"relative_path":"speaker"
		} ],
		"id":28
	}, {
		"components":[ {
			"max_range":1,
			"min_range":1,
			"type_path":"32",
			"type_id":32,
			"relative_path":"speaker"
		} ],
		"id":31
	}, {
		"components":[ {
			"max_range":1,
			"min_range":1,
			"type_path":"36",
			"type_id":36,
			"relative_path":"name"
		}, {
			"max_range":1,
			"min_range":1,
			"type_path":"37",
			"type_id":37,
			"relative_path":"title"
		} ],
		"id":35
	}, {
		"components":[ {
			"max_range":1,
			"min_range":1,
			"type_path":"34",
			"type_id":34,
			"relative_path":"speaker"
		}, {
			"max_range":0,
			"min_range":0,
			"type_path":"35",
			"type_id":35,
			"relative_path":"choice"
		} ],
		"id":33
	}, {
		"components":[ {
			"max_range":1,
			"min_range":1,
			"type_path":"31",
			"type_id":31,
			"relative_path":"a"
		}, {
			"max_range":1,
			"min_range":1,
			"type_path":"33",
			"type_id":33,
			"relative_path":"答"
		} ],
		"id":30
	}, {
		"components":[ {
			"max_range":1,
			"min_range":1,
			"type_path":"28",
			"type_id":28,
			"relative_path":"問"
		}, {
			"max_range":1,
			"min_range":1,
			"type_path":"30",
			"type_id":30,
			"relative_path":"choice"
		} ],
		"id":27
	}, {
		"components":[ {
			"max_range":1,
			"min_range":1,
			"type_path":"27",
			"type_id":27,
			"relative_path":"sequence"
		} ],
		"id":26
	}, {
		"components":[ {
			"max_range":0,
			"min_range":1,
			"type_path":"26",
			"type_id":26,
			"relative_path":"qa"
		} ],
		"id":25
	}, {
		"components":[ {
			"max_range":1,
			"min_range":1,
			"type_path":"25",
			"type_id":25,
			"relative_path":"sequence"
		} ],
		"id":24
	}, {
		"components":[ {
			"max_range":1,
			"min_range":1,
			"type_path":"40",
			"type_id":40,
			"relative_path":"speaker"
		} ],
		"id":39
	}, {
		"components":[ {
			"max_range":1,
			"min_range":1,
			"type_path":"44",
			"type_id":44,
			"relative_path":"name"
		}, {
			"max_range":1,
			"min_range":1,
			"type_path":"45",
			"type_id":45,
			"relative_path":"title"
		} ],
		"id":43
	}, {
		"components":[ {
			"max_range":1,
			"min_range":1,
			"type_path":"42",
			"type_id":42,
			"relative_path":"speaker"
		}, {
			"max_range":0,
			"min_range":0,
			"type_path":"43",
			"type_id":43,
			"relative_path":"choice"
		} ],
		"id":41
	}, {
		"components":[ {
			"max_range":1,
			"min_range":1,
			"type_path":"9",
			"type_id":9,
			"relative_path":"a"
		}, {
			"max_range":1,
			"min_range":1,
			"type_path":"11",
			"type_id":11,
			"relative_path":"name"
		}, {
			"max_range":1,
			"min_range":1,
			"type_path":"12",
			"type_id":12,
			"relative_path":"qa"
		}, {
			"max_range":1,
			"min_range":1,
			"type_path":"24",
			"type_id":24,
			"relative_path":"qafragment"
		}, {
			"max_range":1,
			"min_range":1,
			"type_path":"38",
			"type_id":38,
			"relative_path":"title"
		}, {
			"max_range":1,
			"min_range":1,
			"type_path":"39",
			"type_id":39,
			"relative_path":"問"
		}, {
			"max_range":1,
			"min_range":1,
			"type_path":"41",
			"type_id":41,
			"relative_path":"答"
		} ],
		"id":8
	}, {
		"components":[ {
			"max_range":1,
			"min_range":1,
			"type_path":"2",
			"type_id":2,
			"relative_path":"misc"
		}, {
			"max_range":1,
			"min_range":1,
			"type_path":"4",
			"type_id":4,
			"relative_path":"prolog"
		}, {
			"max_range":1,
			"min_range":1,
			"type_path":"8",
			"type_id":8,
			"relative_path":"global"
		} ],
		"id":1
	} ],
	"current_id":46,
	"candidate_roots":[ 1, 1 ],
	"current_types":46
}