{
	"_id":"5bfd2e0f238e971e765a1079",
	"project_id":"5bfd2e0e238e971e765a1066",
	"href":"https://10.134.37.56:8443/tx-server/rest/v1/tx/projects/5be9775f238e9720f3941254/maps/5be977c7238e9720f3941266",
	"name":"MapXSD",
	"description":"Create map utilizing Action and XSD schemas",
	"tags":[ "tag" ],
	"created_by":"tester1",
	"creation_date":"2018-11-27T11:44:15.510+0000",
	"updated_by":"tester1",
	"update_date":"2018-11-27T11:44:15.535+0000",
	"version":2,
	"model_version":1,
	"is_executable":true,
	"settings":{ },
	"inputs":[ {
		"class":"input",
		"number":1,
		"name":"source121120180620",
		"schema":{
			"_id":"5bfd2e0f238e971e765a106a",
			"project_id":"5be9775f238e9720f3941254",
			"name":"doc_ch_b5121120180620",
			"path":"Human",
			"description":"Schema with address details",
			"tags":[ "" ],
			"type":"xsd"
		},
		"type_id":4,
		"action_id":"5bfd2e0f238e971e765a1075",
		"backup_enabled":false,
		"create_backup":"off",
		"adapter":"FILE",
		"command_line":"doc_ch_b5121120180620",
		"failure_action":"commit",
		"transaction_scope":"map",
		"warning_action":"ignore",
		"document_verification":"never",
		"fetch_as":"integral",
		"fetch_unit":0,
		"work_area":"create",
		"success_action":"keep",
		"rest_input":false
	} ],
	"outputs":[ {
		"class":"output",
		"number":1,
		"name":"target121120180620",
		"schema":{
			"_id":"5bfd2e0f238e971e765a106a",
			"project_id":"5be9775f238e9720f3941254",
			"name":"doc_ch_b5121120180620",
			"path":"Human",
			"description":"Schema with address details",
			"tags":[ "" ],
			"type":"xsd"
		},
		"type_id":4,
		"action_id":"5bfd2e0f238e971e765a1077",
		"backup_enabled":false,
		"create_backup":"off",
		"adapter":"FILE",
		"command_line":"doc_ch_b5121120180620",
		"failure_action":"commit",
		"transaction_scope":"map",
		"warning_action":"ignore",
		"document_verification":"never",
		"syntax_card":false,
		"success_action":"create",
		"rest_output":false,
		"rules":[ {
			"target":"target121120180620",
			"rule":"source121120180620",
			"rule_type":"assignment",
			"types":[ "source121120180620" ]
		} ]
	} ],
	"executable_id":"5bea58d0238e977e9c58b5a9"
}