{
	"_id":"5bfd2e84238e971e4bb0a9ff",
	"project_id":"5bfd2e0e238e971e765a1066",
	"href":"https://10.134.37.56:8443/tx-server/rest/v1/tx/projects/5bfd2e0e238e971e765a1066/maps/5bfd2e84238e971e4bb0a9ff",
	"name":"MapXSD271120180512",
	"description":"Create map utilizing Action and XSD schemas",
	"tags":[ "tag" ],
	"created_by":"tester1",
	"creation_date":"2018-11-27T11:46:12.090+0000",
	"updated_by":"tester1",
	"update_date":"2018-11-27T11:46:36.721+0000",
	"version":3,
	"model_version":1,
	"is_executable":true,
	"settings":{ },
	"inputs":[ {
		"class":"input",
		"number":1,
		"name":"source271120180512",
		"schema":{
			"_id":"5bfd2e24238e971e765a107d",
			"project_id":"5bfd2e0e238e971e765a1066",
			"name":"doc_ch_b5271120180512",
			"path":"Human",
			"description":"Schema with address details",
			"tags":[ "" ],
			"type":"xsd"
		},
		"type_id":4,
		"action_id":"5bfd2e59238e971e4bb0a9f9",
		"backup_enabled":false,
		"create_backup":"off",
		"adapter":"FILE",
		"command_line":"doc_ch_b5_Input",
		"failure_action":"commit",
		"transaction_scope":"map",
		"warning_action":"ignore",
		"document_verification":"never",
		"connection_action_properties":[ {
			"name":"file_path",
			"value":"doc_ch_b5_Input"
		}, {
			"name":"fetch_as",
			"value":"integral"
		}, {
			"name":"work_area",
			"value":"create"
		}, {
			"name":"fetch_unit",
			"value":"0"
		}, {
			"name":"source_success_action",
			"value":"keep"
		}, {
			"name":"source_failure_action",
			"value":"commit"
		}, {
			"name":"source_transaction_scope",
			"value":"map"
		}, {
			"name":"source_warning_action",
			"value":"ignore"
		}, {
			"name":"document_verification",
			"value":"never"
		}, {
			"name":"retry",
			"value":"false"
		}, {
			"name":"backup_enabled",
			"value":"false"
		}, {
			"name":"rest_input",
			"value":"false"
		} ],
		"fetch_as":"integral",
		"fetch_unit":0,
		"work_area":"create",
		"success_action":"keep",
		"rest_input":false
	} ],
	"outputs":[ {
		"class":"output",
		"number":1,
		"name":"target271120180512",
		"schema":{
			"_id":"5bfd2e24238e971e765a107d",
			"project_id":"5bfd2e0e238e971e765a1066",
			"name":"doc_ch_b5271120180512",
			"path":"Human",
			"description":"Schema with address details",
			"tags":[ "" ],
			"type":"xsd"
		},
		"type_id":4,
		"action_id":"5bfd2e7d238e971e4bb0a9fc",
		"backup_enabled":false,
		"create_backup":"off",
		"adapter":"FILE",
		"command_line":"doc_ch_b5_Output",
		"failure_action":"commit",
		"transaction_scope":"map",
		"warning_action":"ignore",
		"document_verification":"never",
		"connection_action_properties":[ {
			"name":"file_path",
			"value":"doc_ch_b5_Output"
		}, {
			"name":"target_success_action",
			"value":"create"
		}, {
			"name":"target_failure_action",
			"value":"commit"
		}, {
			"name":"target_transaction_scope",
			"value":"map"
		}, {
			"name":"target_warning_action",
			"value":"ignore"
		}, {
			"name":"document_verification",
			"value":"never"
		}, {
			"name":"retry",
			"value":"false"
		}, {
			"name":"backup_enabled",
			"value":"false"
		}, {
			"name":"syntax_card",
			"value":"false"
		}, {
			"name":"rest_output",
			"value":"false"
		} ],
		"syntax_card":false,
		"success_action":"create",
		"rest_output":false,
		"rules":[ {
			"target":"target271120180512",
			"rule":"source271120180512",
			"rule_type":"assignment",
			"types":[ "source271120180512" ]
		} ]
	} ],
	"executable_id":"5bfd2e9c238e971e765a107e"
}