{
	"_id":"5bfd2e0f238e971e765a1075",
	"project_id":"5bfd2e0e238e971e765a1066",
	"href":"https://10.134.37.56:8443/tx-server/rest/v1/tx/projects/5be9775f238e9720f3941254/connections/5be9779f238e9720f3941261",
	"name":"Mysource",
	"tags":[ "" ],
	"created_by":"tester1",
	"creation_date":"2018-11-27T11:44:15.275+0000",
	"updated_by":"satyajit.n",
	"update_date":"2018-11-13T05:18:42.679+0000",
	"version":1,
	"connection_id":"5bfd2e0f238e971e765a1073",
	"properties":[ {
		"name":"file_path",
		"value":"doc_ch_b5121120180620"
	}, {
		"name":"fetch_as",
		"value":"integral"
	}, {
		"name":"work_area",
		"value":"create"
	}, {
		"name":"fetch_unit",
		"value":"0"
	}, {
		"name":"source_success_action",
		"value":"keep"
	}, {
		"name":"source_failure_action",
		"value":"commit"
	}, {
		"name":"source_transaction_scope",
		"value":"map"
	}, {
		"name":"source_warning_action",
		"value":"ignore"
	}, {
		"name":"document_verification",
		"value":"never"
	}, {
		"name":"retry",
		"value":"false"
	}, {
		"name":"backup_enabled",
		"value":"false"
	}, {
		"name":"rest_input",
		"value":"false"
	} ],
	"schema_id":"5bfd2e0f238e971e765a106a",
	"root_type_id":4,
	"response_type_name":"prolog",
	"direction":"source"
}