{
	"_id":"5bfd2e0f238e971e765a1077",
	"project_id":"5bfd2e0e238e971e765a1066",
	"href":"https://10.134.37.56:8443/tx-server/rest/v1/tx/projects/5be9775f238e9720f3941254/connections/5be977c1238e9720f3941264",
	"name":"Mytarget",
	"tags":[ "" ],
	"created_by":"tester1",
	"creation_date":"2018-11-27T11:44:15.306+0000",
	"updated_by":"satyajit.n",
	"update_date":"2018-11-13T05:19:05.182+0000",
	"version":1,
	"connection_id":"5bfd2e0f238e971e765a1073",
	"properties":[ {
		"name":"file_path",
		"value":"doc_ch_b5121120180620"
	}, {
		"name":"target_success_action",
		"value":"create"
	}, {
		"name":"target_failure_action",
		"value":"commit"
	}, {
		"name":"target_transaction_scope",
		"value":"map"
	}, {
		"name":"target_warning_action",
		"value":"ignore"
	}, {
		"name":"document_verification",
		"value":"never"
	}, {
		"name":"retry",
		"value":"false"
	}, {
		"name":"backup_enabled",
		"value":"false"
	}, {
		"name":"syntax_card",
		"value":"false"
	}, {
		"name":"rest_output",
		"value":"false"
	} ],
	"schema_id":"5bfd2e0f238e971e765a106a",
	"root_type_id":4,
	"response_type_name":"prolog",
	"direction":"target"
}