{
	"_id":"5bfd2e59238e971e4bb0a9f9",
	"project_id":"5bfd2e0e238e971e765a1066",
	"name":"source271120180512",
	"tags":[ "" ],
	"created_by":"tester1",
	"creation_date":"2018-11-27T11:45:29.984+0000",
	"version":1,
	"connection_id":"5bfd2e3a238e971e4bb0a9f6",
	"properties":[ {
		"name":"file_path",
		"value":"5bfd2e0e238e971e765a1067"
	}, {
		"name":"fetch_as",
		"value":"integral"
	}, {
		"name":"work_area",
		"value":"create"
	}, {
		"name":"fetch_unit",
		"value":"0"
	}, {
		"name":"source_success_action",
		"value":"keep"
	}, {
		"name":"source_failure_action",
		"value":"commit"
	}, {
		"name":"source_transaction_scope",
		"value":"map"
	}, {
		"name":"source_warning_action",
		"value":"ignore"
	}, {
		"name":"document_verification",
		"value":"never"
	}, {
		"name":"retry",
		"value":"false"
	}, {
		"name":"backup_enabled",
		"value":"false"
	}, {
		"name":"rest_input",
		"value":"false"
	} ],
	"schema_id":"5bfd2e24238e971e765a107d",
	"root_type_id":4,
	"response_type_name":"prolog",
	"direction":"source"
}