{
	"_id":"5bfd2e7d238e971e4bb0a9fc",
	"project_id":"5bfd2e0e238e971e765a1066",
	"name":"target271120180512",
	"tags":[ "" ],
	"created_by":"tester1",
	"creation_date":"2018-11-27T11:46:05.337+0000",
	"version":1,
	"connection_id":"5bfd2e3a238e971e4bb0a9f6",
	"properties":[ {
		"name":"file_path",
		"value":"5bfd2e0e238e971e765a1068"
	}, {
		"name":"target_success_action",
		"value":"create"
	}, {
		"name":"target_failure_action",
		"value":"commit"
	}, {
		"name":"target_transaction_scope",
		"value":"map"
	}, {
		"name":"target_warning_action",
		"value":"ignore"
	}, {
		"name":"document_verification",
		"value":"never"
	}, {
		"name":"retry",
		"value":"false"
	}, {
		"name":"backup_enabled",
		"value":"false"
	}, {
		"name":"syntax_card",
		"value":"false"
	}, {
		"name":"rest_output",
		"value":"false"
	} ],
	"schema_id":"5bfd2e24238e971e765a107d",
	"root_type_id":4,
	"response_type_name":"prolog",
	"direction":"target"
}