{
	"_id":"5bfd2e1f238e971e765a107c",
	"project_id":"5bfd2e0e238e971e765a1066",
	"name":"address271120180513",
	"path":"address",
	"description":"Schema with address details",
	"tags":[ "" ],
	"created_by":"tester1",
	"creation_date":"2018-11-27T11:44:31.429+0000",
	"version":1,
	"model_version":1,
	"type":"json",
	"dictionary":{
		"name":"JSON",
		"class":"category",
		"id":0,
		"subtypes":[ {
			"name":"JSON",
			"class":"group_sequence",
			"id":1,
			"subtypes":[ {
				"name":"encoding",
				"class":"item",
				"id":2,
				"has_children":false,
				"id_path":[ 0, 1, 2 ]
			}, {
				"name":"JSON",
				"class":"group_unordered",
				"id":3,
				"subtypes":[ {
					"name":"firstName",
					"class":"item",
					"id":4,
					"has_children":false,
					"id_path":[ 0, 1, 3, 4 ]
				}, {
					"name":"lastName",
					"class":"item",
					"id":5,
					"has_children":false,
					"id_path":[ 0, 1, 3, 5 ]
				}, {
					"name":"isAlive",
					"class":"item",
					"id":6,
					"has_children":false,
					"id_path":[ 0, 1, 3, 6 ]
				}, {
					"name":"age",
					"class":"item",
					"id":7,
					"has_children":false,
					"id_path":[ 0, 1, 3, 7 ]
				}, {
					"name":"address",
					"class":"group_unordered",
					"id":8,
					"subtypes":[ {
						"name":"streetAddress",
						"class":"item",
						"id":9,
						"has_children":false,
						"id_path":[ 0, 1, 3, 8, 9 ]
					}, {
						"name":"city",
						"class":"item",
						"id":10,
						"has_children":false,
						"id_path":[ 0, 1, 3, 8, 10 ]
					}, {
						"name":"state",
						"class":"item",
						"id":11,
						"has_children":false,
						"id_path":[ 0, 1, 3, 8, 11 ]
					}, {
						"name":"postalCode",
						"class":"item",
						"id":12,
						"has_children":false,
						"id_path":[ 0, 1, 3, 8, 12 ]
					} ],
					"has_children":true,
					"id_path":[ 0, 1, 3, 8 ]
				}, {
					"name":"phoneNumbers",
					"class":"group_unordered",
					"id":13,
					"subtypes":[ {
						"name":"type",
						"class":"item",
						"id":14,
						"has_children":false,
						"id_path":[ 0, 1, 3, 13, 14 ]
					}, {
						"name":"number",
						"class":"item",
						"id":15,
						"has_children":false,
						"id_path":[ 0, 1, 3, 13, 15 ]
					} ],
					"has_children":true,
					"id_path":[ 0, 1, 3, 13 ]
				}, {
					"name":"children",
					"class":"item",
					"id":16,
					"has_children":false,
					"id_path":[ 0, 1, 3, 16 ]
				}, {
					"name":"spouse",
					"class":"item",
					"id":17,
					"has_children":false,
					"id_path":[ 0, 1, 3, 17 ]
				} ],
				"has_children":true,
				"id_path":[ 0, 1, 3 ]
			} ],
			"has_children":true,
			"id_path":[ 0, 1 ]
		} ],
		"has_children":true,
		"id_path":[ 0 ]
	},
	"properties":[ {
		"class":"category",
		"order_subtypes":"add_last",
		"id":0,
		"doc_type":"DOC_XML",
		"location":"a0cb67a680b311d0b06925c210473bad-1543319071229-address.json",
		"metadata":"MD_Schema",
		"item_props":{
			"subclass_type":"number",
			"restriction_props":{
				"type_of_restriction":"value",
				"ignore_case":false,
				"is_exclude":false
			},
			"language":{
				"national_language":0,
				"data_language":0
			},
			"interpret_as":"character",
			"number_props":{
				"presentation":"integer",
				"byte_length":0,
				"byte_order":"native",
				"size":{
					"min":0,
					"max":1
				},
				"separators":{
					"has_separators":false
				},
				"sign":{
					"has_sign":false,
					"value":"unsigned",
					"if_pos_req_on_input":false,
					"if_neg_req_on_input":false,
					"if0_req_on_input":false
				},
				"none_required_on_input":false,
				"zero_required_on_input":false,
				"is_bidi":false,
				"numeric_shaping":"arabic_indic",
				"decimal_min":0,
				"decimal_max":0,
				"whole_num_min":0,
				"whole_num_max":0
			}
		},
		"group_props":{
			"subclass_type":"unordered",
			"partitioned":false,
			"format":{
				"is_format_implicit":true,
				"component_syntax":"none"
			},
			"ignore_case":false,
			"ec_release_flag":false,
			"has_ecs":false
		},
		"mark":0
	}, {
		"id":1
	}, {
		"class":"item",
		"order_subtypes":"add_last",
		"id":2,
		"doc_type":"DOC_XML",
		"location":"a0cb67a680b311d0b06925c210473bad-1543319071229-address.json",
		"metadata":"MD_Schema",
		"item_props":{
			"subclass_type":"text",
			"restriction_props":{
				"type_of_restriction":"value",
				"ignore_case":false,
				"is_exclude":false
			},
			"language":{
				"national_language":0,
				"data_language":12
			},
			"interpret_as":"character",
			"text_props":{
				"none_required_on_input":false,
				"is_bidi":false,
				"is_symmetric_swapping":true,
				"ordering_scheme":"logical",
				"orientation":"ltr",
				"is_text_shaped":true
			}
		},
		"partitioned":false,
		"mark":0
	}, {
		"class":"group",
		"order_subtypes":"add_last",
		"id":3,
		"doc_type":"DOC_XML",
		"location":"a0cb67a680b311d0b06925c210473bad-1543319071229-address.json",
		"metadata":"MD_Schema",
		"group_props":{
			"subclass_type":"unordered",
			"partitioned":false,
			"format":{
				"is_format_implicit":true,
				"component_syntax":"none"
			},
			"ignore_case":false,
			"ec_release_flag":false,
			"has_ecs":false
		},
		"mark":0
	}, {
		"class":"item",
		"order_subtypes":"add_last",
		"id":4,
		"doc_type":"DOC_XML",
		"location":"a0cb67a680b311d0b06925c210473bad-1543319071229-address.json",
		"metadata":"MD_Schema",
		"item_props":{
			"subclass_type":"text",
			"restriction_props":{
				"type_of_restriction":"value",
				"ignore_case":false,
				"is_exclude":false
			},
			"language":{
				"national_language":0,
				"data_language":12
			},
			"interpret_as":"character",
			"text_props":{
				"none_required_on_input":false,
				"is_bidi":false,
				"is_symmetric_swapping":true,
				"ordering_scheme":"logical",
				"orientation":"ltr",
				"is_text_shaped":true
			}
		},
		"partitioned":false,
		"mark":0
	}, {
		"class":"item",
		"order_subtypes":"add_last",
		"id":5,
		"doc_type":"DOC_XML",
		"location":"a0cb67a680b311d0b06925c210473bad-1543319071229-address.json",
		"metadata":"MD_Schema",
		"item_props":{
			"subclass_type":"text",
			"restriction_props":{
				"type_of_restriction":"value",
				"ignore_case":false,
				"is_exclude":false
			},
			"language":{
				"national_language":0,
				"data_language":12
			},
			"interpret_as":"character",
			"text_props":{
				"none_required_on_input":false,
				"is_bidi":false,
				"is_symmetric_swapping":true,
				"ordering_scheme":"logical",
				"orientation":"ltr",
				"is_text_shaped":true
			}
		},
		"partitioned":false,
		"mark":0
	}, {
		"class":"item",
		"order_subtypes":"add_last",
		"id":6,
		"doc_type":"DOC_XML",
		"location":"a0cb67a680b311d0b06925c210473bad-1543319071229-address.json",
		"metadata":"MD_Schema",
		"item_props":{
			"subclass_type":"text",
			"restriction_props":{
				"type_of_restriction":"value",
				"ignore_case":false,
				"is_exclude":false
			},
			"language":{
				"national_language":0,
				"data_language":12
			},
			"interpret_as":"character",
			"text_props":{
				"none_required_on_input":false,
				"is_bidi":false,
				"is_symmetric_swapping":true,
				"ordering_scheme":"logical",
				"orientation":"ltr",
				"is_text_shaped":true
			}
		},
		"partitioned":false,
		"mark":0
	}, {
		"class":"item",
		"order_subtypes":"add_last",
		"id":7,
		"doc_type":"DOC_XML",
		"location":"a0cb67a680b311d0b06925c210473bad-1543319071229-address.json",
		"metadata":"MD_Schema",
		"item_props":{
			"subclass_type":"number",
			"restriction_props":{
				"type_of_restriction":"value",
				"ignore_case":false,
				"is_exclude":false
			},
			"language":{
				"national_language":0,
				"data_language":12
			},
			"interpret_as":"character",
			"number_props":{
				"presentation":"decimal",
				"byte_length":0,
				"byte_order":"native",
				"separators":{
					"has_separators":true,
					"format":"opt_decimal_no_thousand",
					"fraction_delimiter":{
						"delimiter_type":"literal",
						"value":".",
						"find":false
					}
				},
				"sign":{
					"has_sign":true,
					"value":"leading_neg",
					"if_pos_leading":"+",
					"if_pos_req_on_input":false,
					"if_neg_leading":"-",
					"if_neg_req_on_input":true,
					"if0_leading":"+",
					"if0_req_on_input":false
				},
				"none_required_on_input":false,
				"zero_required_on_input":false,
				"is_bidi":false,
				"numeric_shaping":"arabic_indic",
				"decimal_min":0,
				"decimal_max":0,
				"whole_num_min":1,
				"whole_num_max":0
			}
		},
		"partitioned":false,
		"mark":0
	}, {
		"class":"group",
		"order_subtypes":"add_last",
		"id":8,
		"doc_type":"DOC_XML",
		"location":"a0cb67a680b311d0b06925c210473bad-1543319071229-address.json",
		"metadata":"MD_Schema",
		"group_props":{
			"subclass_type":"unordered",
			"partitioned":false,
			"format":{
				"is_format_implicit":true,
				"component_syntax":"none"
			},
			"ignore_case":false,
			"ec_release_flag":false,
			"has_ecs":false
		},
		"mark":0
	}, {
		"class":"item",
		"order_subtypes":"add_last",
		"id":9,
		"doc_type":"DOC_XML",
		"location":"a0cb67a680b311d0b06925c210473bad-1543319071229-address.json",
		"metadata":"MD_Schema",
		"item_props":{
			"subclass_type":"text",
			"restriction_props":{
				"type_of_restriction":"value",
				"ignore_case":false,
				"is_exclude":false
			},
			"language":{
				"national_language":0,
				"data_language":12
			},
			"interpret_as":"character",
			"text_props":{
				"none_required_on_input":false,
				"is_bidi":false,
				"is_symmetric_swapping":true,
				"ordering_scheme":"logical",
				"orientation":"ltr",
				"is_text_shaped":true
			}
		},
		"partitioned":false,
		"mark":0
	}, {
		"class":"item",
		"order_subtypes":"add_last",
		"id":10,
		"doc_type":"DOC_XML",
		"location":"a0cb67a680b311d0b06925c210473bad-1543319071229-address.json",
		"metadata":"MD_Schema",
		"item_props":{
			"subclass_type":"text",
			"restriction_props":{
				"type_of_restriction":"value",
				"ignore_case":false,
				"is_exclude":false
			},
			"language":{
				"national_language":0,
				"data_language":12
			},
			"interpret_as":"character",
			"text_props":{
				"none_required_on_input":false,
				"is_bidi":false,
				"is_symmetric_swapping":true,
				"ordering_scheme":"logical",
				"orientation":"ltr",
				"is_text_shaped":true
			}
		},
		"partitioned":false,
		"mark":0
	}, {
		"class":"item",
		"order_subtypes":"add_last",
		"id":11,
		"doc_type":"DOC_XML",
		"location":"a0cb67a680b311d0b06925c210473bad-1543319071229-address.json",
		"metadata":"MD_Schema",
		"item_props":{
			"subclass_type":"text",
			"restriction_props":{
				"type_of_restriction":"value",
				"ignore_case":false,
				"is_exclude":false
			},
			"language":{
				"national_language":0,
				"data_language":12
			},
			"interpret_as":"character",
			"text_props":{
				"none_required_on_input":false,
				"is_bidi":false,
				"is_symmetric_swapping":true,
				"ordering_scheme":"logical",
				"orientation":"ltr",
				"is_text_shaped":true
			}
		},
		"partitioned":false,
		"mark":0
	}, {
		"class":"item",
		"order_subtypes":"add_last",
		"id":12,
		"doc_type":"DOC_XML",
		"location":"a0cb67a680b311d0b06925c210473bad-1543319071229-address.json",
		"metadata":"MD_Schema",
		"item_props":{
			"subclass_type":"text",
			"restriction_props":{
				"type_of_restriction":"value",
				"ignore_case":false,
				"is_exclude":false
			},
			"language":{
				"national_language":0,
				"data_language":12
			},
			"interpret_as":"character",
			"text_props":{
				"none_required_on_input":false,
				"is_bidi":false,
				"is_symmetric_swapping":true,
				"ordering_scheme":"logical",
				"orientation":"ltr",
				"is_text_shaped":true
			}
		},
		"partitioned":false,
		"mark":0
	}, {
		"class":"group",
		"order_subtypes":"add_last",
		"id":13,
		"doc_type":"DOC_XML",
		"location":"a0cb67a680b311d0b06925c210473bad-1543319071229-address.json",
		"metadata":"MD_Schema",
		"group_props":{
			"subclass_type":"unordered",
			"partitioned":false,
			"format":{
				"is_format_implicit":true,
				"component_syntax":"none"
			},
			"ignore_case":false,
			"ec_release_flag":false,
			"has_ecs":false
		},
		"mark":0
	}, {
		"class":"item",
		"order_subtypes":"add_last",
		"id":14,
		"doc_type":"DOC_XML",
		"location":"a0cb67a680b311d0b06925c210473bad-1543319071229-address.json",
		"metadata":"MD_Schema",
		"item_props":{
			"subclass_type":"text",
			"restriction_props":{
				"type_of_restriction":"value",
				"ignore_case":false,
				"is_exclude":false
			},
			"language":{
				"national_language":0,
				"data_language":12
			},
			"interpret_as":"character",
			"text_props":{
				"none_required_on_input":false,
				"is_bidi":false,
				"is_symmetric_swapping":true,
				"ordering_scheme":"logical",
				"orientation":"ltr",
				"is_text_shaped":true
			}
		},
		"partitioned":false,
		"mark":0
	}, {
		"class":"item",
		"order_subtypes":"add_last",
		"id":15,
		"doc_type":"DOC_XML",
		"location":"a0cb67a680b311d0b06925c210473bad-1543319071229-address.json",
		"metadata":"MD_Schema",
		"item_props":{
			"subclass_type":"text",
			"restriction_props":{
				"type_of_restriction":"value",
				"ignore_case":false,
				"is_exclude":false
			},
			"language":{
				"national_language":0,
				"data_language":12
			},
			"interpret_as":"character",
			"text_props":{
				"none_required_on_input":false,
				"is_bidi":false,
				"is_symmetric_swapping":true,
				"ordering_scheme":"logical",
				"orientation":"ltr",
				"is_text_shaped":true
			}
		},
		"partitioned":false,
		"mark":0
	}, {
		"class":"item",
		"order_subtypes":"add_last",
		"id":16,
		"doc_type":"DOC_XML",
		"location":"a0cb67a680b311d0b06925c210473bad-1543319071229-address.json",
		"metadata":"MD_Schema",
		"item_props":{
			"subclass_type":"text",
			"restriction_props":{
				"type_of_restriction":"value",
				"ignore_case":false,
				"is_exclude":false
			},
			"language":{
				"national_language":0,
				"data_language":12
			},
			"interpret_as":"character",
			"text_props":{
				"none_required_on_input":false,
				"is_bidi":false,
				"is_symmetric_swapping":true,
				"ordering_scheme":"logical",
				"orientation":"ltr",
				"is_text_shaped":true
			}
		},
		"partitioned":false,
		"mark":0
	}, {
		"class":"item",
		"order_subtypes":"add_last",
		"id":17,
		"doc_type":"DOC_XML",
		"location":"a0cb67a680b311d0b06925c210473bad-1543319071229-address.json",
		"metadata":"MD_Schema",
		"item_props":{
			"subclass_type":"text",
			"restriction_props":{
				"type_of_restriction":"value",
				"ignore_case":false,
				"is_exclude":false
			},
			"language":{
				"national_language":0,
				"data_language":12
			},
			"interpret_as":"character",
			"text_props":{
				"none_required_on_input":false,
				"is_bidi":false,
				"is_symmetric_swapping":true,
				"ordering_scheme":"logical",
				"orientation":"ltr",
				"is_text_shaped":true
			}
		},
		"partitioned":false,
		"mark":0
	} ],
	"structures":[ {
		"id":0
	}, {
		"components":[ {
			"max_range":1,
			"min_range":0,
			"type_path":"4",
			"type_id":4,
			"relative_path":"firstName"
		}, {
			"max_range":1,
			"min_range":0,
			"type_path":"5",
			"type_id":5,
			"relative_path":"lastName"
		}, {
			"max_range":1,
			"min_range":0,
			"type_path":"6",
			"type_id":6,
			"relative_path":"isAlive"
		}, {
			"max_range":1,
			"min_range":0,
			"type_path":"7",
			"type_id":7,
			"relative_path":"age"
		}, {
			"max_range":1,
			"min_range":0,
			"type_path":"8",
			"type_id":8,
			"relative_path":"address"
		}, {
			"min_range":0,
			"type_path":"13",
			"type_id":13,
			"relative_path":"phoneNumbers"
		}, {
			"min_range":0,
			"type_path":"16",
			"type_id":16,
			"relative_path":"children"
		}, {
			"max_range":1,
			"min_range":0,
			"type_path":"17",
			"type_id":17,
			"relative_path":"spouse"
		} ],
		"id":3
	}, {
		"components":[ {
			"max_range":1,
			"min_range":0,
			"type_path":"9",
			"type_id":9,
			"relative_path":"streetAddress"
		}, {
			"max_range":1,
			"min_range":0,
			"type_path":"10",
			"type_id":10,
			"relative_path":"city"
		}, {
			"max_range":1,
			"min_range":0,
			"type_path":"11",
			"type_id":11,
			"relative_path":"state"
		}, {
			"max_range":1,
			"min_range":0,
			"type_path":"12",
			"type_id":12,
			"relative_path":"postalCode"
		} ],
		"id":8
	}, {
		"components":[ {
			"max_range":1,
			"min_range":0,
			"type_path":"14",
			"type_id":14,
			"relative_path":"type"
		}, {
			"max_range":1,
			"min_range":0,
			"type_path":"15",
			"type_id":15,
			"relative_path":"number"
		} ],
		"id":13
	}, {
		"components":[ {
			"max_range":1,
			"min_range":1,
			"type_path":"2",
			"type_id":2,
			"relative_path":"encoding"
		}, {
			"max_range":1,
			"min_range":1,
			"type_path":"3",
			"type_id":3,
			"relative_path":"JSON"
		} ],
		"id":1
	} ],
	"current_id":18,
	"candidate_roots":[ 1 ],
	"current_types":18
}